hostname,pais,compania,usuario,kb5124008,fecha_instalacion
PC-MÉX-001,México,Daikin México,usuario1,NO,
PC-MÉX-002,México,Daikin Applied México,usuario2,NO,
PC-MÉX-003,México,Daikin México,usuario3,SI,2026-09-30
PC-MÉX-004,México,Daikin México,usuario4,NO,
PC-MÉX-005,México,Daikin México,usuario5,NO,
PC-MÉX-006,México,Daikin México,usuario6,NO,
PC-MÉX-007,México,Daikin Applied México,usuario7,NO,
PC-MÉX-008,México,Daikin México,usuario8,NO,
PC-MÉX-009,México,Daikin México,usuario9,NO,
PC-MÉX-010,México,Daikin México,usuario10,SI,2026-09-21
PC-MÉX-011,México,Daikin Applied México,usuario11,NO,
PC-MÉX-012,México,Daikin Applied México,usuario12,SI,2026-09-15
PC-MÉX-013,México,Daikin México,usuario13,NO,
PC-MÉX-014,México,Daikin Applied México,usuario14,NO,
PC-MÉX-015,México,Daikin México,usuario15,NO,
PC-MÉX-016,México,Daikin México,usuario16,NO,
PC-MÉX-017,México,Daikin Applied México,usuario17,NO,
PC-MÉX-018,México,Daikin Applied México,usuario18,SI,2026-09-21
PC-MÉX-019,México,Daikin México,usuario19,NO,
PC-MÉX-020,México,Daikin Applied México,usuario20,SI,2026-09-27
PC-MÉX-021,México,Daikin Applied México,usuario21,NO,
PC-MÉX-022,México,Daikin México,usuario22,SI,2026-09-17
PC-MÉX-023,México,Daikin México,usuario23,NO,
PC-MÉX-024,México,Daikin México,usuario24,SI,2026-09-21
PC-MÉX-025,México,Daikin Applied México,usuario25,NO,
PC-MÉX-026,México,Daikin México,usuario26,NO,
PC-MÉX-027,México,Daikin Applied México,usuario27,SI,2026-09-16
PC-MÉX-028,México,Daikin Applied México,usuario28,NO,
PC-MÉX-029,México,Daikin México,usuario29,SI,2026-09-18
PC-MÉX-030,México,Daikin México,usuario30,NO,
PC-MÉX-031,México,Daikin México,usuario31,NO,
PC-MÉX-032,México,Daikin Applied México,usuario32,SI,2026-09-28
PC-MÉX-033,México,Daikin Applied México,usuario33,NO,
PC-MÉX-034,México,Daikin Applied México,usuario34,NO,
PC-MÉX-035,México,Daikin México,usuario35,SI,2026-09-15
PC-MÉX-036,México,Daikin México,usuario36,NO,
PC-MÉX-037,México,Daikin Applied México,usuario37,SI,2026-09-20
PC-MÉX-038,México,Daikin México,usuario38,NO,
PC-MÉX-039,México,Daikin Applied México,usuario39,SI,2026-09-28
PC-MÉX-040,México,Daikin México,usuario40,SI,2026-09-20
PC-R -001,R. Dom.,Daikin R. Dom.,usuario41,SI,2026-09-16
PC-R -002,R. Dom.,Daikin R. Dom.,usuario42,NO,
PC-R -003,R. Dom.,Daikin R. Dom.,usuario43,NO,
PC-R -004,R. Dom.,Daikin R. Dom.,usuario44,NO,
PC-R -005,R. Dom.,Daikin R. Dom.,usuario45,NO,
PC-R -006,R. Dom.,Daikin R. Dom.,usuario46,SI,2026-09-18
PC-R -007,R. Dom.,Daikin R. Dom.,usuario47,SI,2026-09-24
PC-R -008,R. Dom.,Daikin R. Dom.,usuario48,SI,2026-09-27
PC-R -009,R. Dom.,Daikin R. Dom.,usuario49,NO,
PC-R -010,R. Dom.,Daikin R. Dom.,usuario50,NO,
PC-R -011,R. Dom.,Daikin R. Dom.,usuario51,NO,
PC-R -012,R. Dom.,Daikin R. Dom.,usuario52,SI,2026-09-27
PC-COL-001,Colombia,Daikin Colombia,usuario53,SI,2026-09-21
PC-COL-002,Colombia,Daikin Colombia,usuario54,SI,2026-09-30
PC-COL-003,Colombia,Daikin Colombia,usuario55,NO,
PC-COL-004,Colombia,Daikin Colombia,usuario56,SI,2026-09-18
PC-COL-005,Colombia,Daikin Colombia,usuario57,SI,2026-09-21
PC-COL-006,Colombia,Daikin Colombia,usuario58,SI,2026-09-19
PC-COL-007,Colombia,Daikin Colombia,usuario59,NO,
PC-COL-008,Colombia,Daikin Colombia,usuario60,NO,
PC-COL-009,Colombia,Daikin Colombia,usuario61,SI,2026-09-30
PC-COL-010,Colombia,Daikin Colombia,usuario62,SI,2026-09-21
PC-COL-011,Colombia,Daikin Colombia,usuario63,SI,2026-09-16
PC-COL-012,Colombia,Daikin Colombia,usuario64,SI,2026-09-28
PC-COL-013,Colombia,Daikin Colombia,usuario65,NO,
PC-COL-014,Colombia,Daikin Colombia,usuario66,NO,
PC-PER-001,Perú,Daikin Perú,usuario67,SI,2026-09-23
PC-PER-002,Perú,Daikin Perú,usuario68,NO,
PC-PER-003,Perú,Daikin Perú,usuario69,NO,
PC-PER-004,Perú,Daikin Perú,usuario70,NO,
PC-PER-005,Perú,Daikin Perú,usuario71,SI,2026-09-16
PC-PER-006,Perú,Daikin Perú,usuario72,NO,
PC-PER-007,Perú,Daikin Perú,usuario73,SI,2026-09-24
PC-PER-008,Perú,Daikin Perú,usuario74,NO,
PC-PER-009,Perú,Daikin Perú,usuario75,NO,
PC-PER-010,Perú,Daikin Perú,usuario76,NO,
PC-PAN-001,Panamá,Daikin Panamá,usuario77,NO,
PC-PAN-002,Panamá,Daikin Panamá,usuario78,NO,
PC-PAN-003,Panamá,Daikin Panamá,usuario79,SI,2026-09-15
PC-PAN-004,Panamá,Daikin Panamá,usuario80,NO,
PC-PAN-005,Panamá,Daikin Panamá,usuario81,NO,
PC-PAN-006,Panamá,Daikin Panamá,usuario82,SI,2026-09-17
PC-PAN-007,Panamá,Daikin Panamá,usuario83,SI,2026-09-27
PC-PAN-008,Panamá,Daikin Panamá,usuario84,NO,
